time,value
300,2.2588943E-01
600,-3.7085982E+00
900,-4.3706712E-01
1200,3.2093010E+01
1500,2.9783300E+01
1800,3.0121405E+01
2100,3.0282787E+01
2400,2.9369143E+01
2700,3.1675390E+01
3000,2.9109648E+01
3300,3.1937144E+01
3600,3.1591262E+01
3900,2.8785778E+01
4200,2.6440755E+01
4500,2.9960561E+01
4800,3.0284601E+01
5100,2.8129606E+01
5400,2.9630736E+01
5700,3.0446512E+01
6000,3.1991003E+01
