time,value
300,1.7536064E+00
600,-7.2926234E-01
900,1.1285911E+00
1200,4.4238689E+01
1500,4.5522884E+01
1800,4.6479189E+01
2100,4.5323179E+01
2400,4.5872584E+01
2700,4.4081287E+01
3000,4.2197012E+01
3300,4.6218351E+01
3600,4.3692637E+01
3900,4.6014302E+01
4200,4.2160491E+01
4500,4.1918676E+01
4800,4.2715978E+01
5100,4.3844633E+01
5400,4.2174347E+01
5700,4.1387571E+01
6000,4.2765241E+01
